{
    "yahoo.com": {
        "url_length": 9, 
        "no_of_out_of_place_features": 70665, 
        "terms": {
            "\n": 49, 
            "!": 16, 
            " ": 233, 
            "#": 3, 
            "\"": 86, 
            "$": 3, 
            "'": 14, 
            "&": 18, 
            ")": 99, 
            "(": 99, 
            "+": 19, 
            "*": 3, 
            "-": 26, 
            ",": 99, 
            "/": 10, 
            ".": 90, 
            "1": 7, 
            "0": 5, 
            "3": 2, 
            "2": 5, 
            "4": 1, 
            "7": 1, 
            "6": 2, 
            "9": 4, 
            "8": 1, 
            ";": 28, 
            ":": 17, 
            "=": 92, 
            "<": 7, 
            "?": 13, 
            ">": 8, 
            "A": 1, 
            "@": 1, 
            "C": 8, 
            "B": 8, 
            "E": 14, 
            "D": 5, 
            "F": 2, 
            "I": 3, 
            "H": 3, 
            "J": 1, 
            "M": 5, 
            "L": 4, 
            "O": 3, 
            "N": 9, 
            "P": 2, 
            "S": 4, 
            "T": 13, 
            "W": 1, 
            "Y": 1, 
            "[": 17, 
            "]": 17, 
            "\\": 2, 
            "_": 2, 
            "^": 1, 
            "a": 118, 
            "c": 90, 
            "b": 44, 
            "e": 214, 
            "d": 93, 
            "g": 23, 
            "f": 71, 
            "i": 112, 
            "h": 31, 
            "k": 7, 
            "j": 16, 
            "m": 56, 
            "l": 83, 
            "o": 121, 
            "n": 171, 
            "q": 4, 
            "p": 41, 
            "s": 76, 
            "r": 108, 
            "u": 79, 
            "t": 155, 
            "w": 21, 
            "v": 35, 
            "y": 35, 
            "x": 6, 
            "{": 30, 
            "z": 7, 
            "}": 30, 
            "|": 15, 
            "~": 1
        }, 
        "nameservers": 6, 
        "tags_count": {
            "script": 10, 
            "object": 0, 
            "html": 1, 
            "href": 246, 
            "iframe": 1, 
            "embed": 0
        }, 
        "special_char_count": 1, 
        "no_of_redirects": 5, 
        "location": "Unitedstates", 
        "ip_check": 0
    }, 
    "facebook.com": {
        "url_length": 12, 
        "no_of_out_of_place_features": 16126, 
        "terms": {
            "\u0d02": 1, 
            "\u0c87": 2, 
            "\u200c": 4, 
            "\u0c8f": 1, 
            "\u09ac": 1, 
            "\u0c93": 1, 
            "/": 293, 
            "\u0c97": 34, 
            "\u0a1c": 1, 
            "\u0c9f": 17, 
            " ": 150, 
            "\u0ca3": 10, 
            "\u0631": 1, 
            "\u0c24": 1, 
            "\u0926": 1, 
            "(": 8, 
            "\u0cab": 2, 
            ",": 351, 
            "\u0caf": 15, 
            "\u092e": 1, 
            "0": 62, 
            "\u0cb3": 26, 
            "\u0d32": 1, 
            "4": 45, 
            "\u0cb7": 5, 
            "8": 43, 
            "\u0cbf": 65, 
            "\u093e": 1, 
            "\u0a40": 1, 
            "\u0cc3": 1, 
            "D": 35, 
            "\u0cc7": 8, 
            "\u0648": 1, 
            "\u0ccb": 4, 
            "\u0bcd": 1, 
            "L": 22, 
            "P": 52, 
            "T": 24, 
            "X": 60, 
            "\\": 293, 
            "d": 146, 
            "h": 161, 
            "l": 129, 
            "p": 207, 
            "t": 332, 
            "x": 98, 
            "\u0abe": 1, 
            "\u0c41": 2, 
            "\u0982": 1, 
            "\u0a97": 1, 
            "\u0ac0": 1, 
            "\u0c17": 1, 
            "\u0c9c": 10, 
            "\u00a0": 1, 
            "\u0ca4": 36, 
            "'": 2, 
            "\u0a70": 1, 
            "\u0ca8": 51, 
            "+": 2, 
            "\u0cac": 11, 
            "\u062f": 1, 
            "\u0bae": 1, 
            "\u0cb0": 39, 
            "3": 36, 
            "\u09b2": 1, 
            "7": 48, 
            "\u0939": 1, 
            "\u0cb8": 33, 
            ";": 5, 
            "?": 4, 
            "\u09be": 2, 
            "\u0cc0": 7, 
            "C": 22, 
            "G": 25, 
            "\u0cc8": 7, 
            "K": 49, 
            "\u094d": 1, 
            "\u0ccc": 1, 
            "O": 84, 
            "\u0c32": 1, 
            "S": 18, 
            "W": 26, 
            "\u0ab0": 1, 
            "[": 41, 
            "_": 13, 
            "c": 303, 
            "z": 63, 
            "g": 165, 
            "k": 28, 
            "o": 247, 
            "s": 495, 
            "w": 27, 
            "{": 87, 
            "\u0c85": 8, 
            "\u0c89": 1, 
            "\n": 3, 
            "\u0a2c": 1, 
            "\u0c95": 29, 
            "\u0d2e": 1, 
            "\u0ca1": 21, 
            "\u0920": 1, 
            "\"": 1112, 
            "\u0ca5": 3, 
            "\u00a9": 1, 
            "\u0928": 1, 
            "\u0a2a": 1, 
            "\u0cad": 2, 
            ".": 237, 
            "\u0930": 1, 
            "2": 110, 
            "\u0cb5": 21, 
            "6": 40, 
            "\u0cb9": 8, 
            ":": 333, 
            "\u0bbf": 1, 
            "\u0a3e": 1, 
            "\u0cc1": 54, 
            "\u0940": 2, 
            "B": 18, 
            "F": 28, 
            "J": 12, 
            "\u0ccd": 105, 
            "N": 15, 
            "R": 35, 
            "\u0cd5": 3, 
            "V": 32, 
            "Z": 73, 
            "b": 84, 
            "f": 86, 
            "j": 80, 
            "n": 190, 
            "\u0a9c": 1, 
            "r": 424, 
            "v": 67, 
            "\u0d3e": 1, 
            "\u0ac1": 1, 
            "\u0c46": 1, 
            "\u0c82": 10, 
            "\u0c86": 2, 
            "\u200d": 1, 
            "\u0c92": 3, 
            "\u0c96": 1, 
            "\u0c9a": 5, 
            "\u0ba4": 1, 
            "\u0ca6": 23, 
            ")": 8, 
            "\u0caa": 28, 
            "-": 11, 
            "\u0ca0": 1, 
            "\u0d2f": 1, 
            "\u0cae": 32, 
            "1": 232, 
            "\u0d33": 1, 
            "\u0cb2": 21, 
            "5": 81, 
            "\u0bb4": 1, 
            "\u0cb6": 1, 
            "9": 127, 
            "\u093f": 1, 
            "\u0cbe": 43, 
            "A": 25, 
            "\u0cc2": 2, 
            "E": 21, 
            "\u0cc6": 30, 
            "I": 75, 
            "\u0cca": 7, 
            "M": 37, 
            "Q": 16, 
            "U": 17, 
            "Y": 19, 
            "]": 41, 
            "\u0aa4": 1, 
            "a": 184, 
            "e": 341, 
            "\u0627": 1, 
            "i": 211, 
            "m": 92, 
            "q": 17, 
            "u": 104, 
            "H": 24, 
            "y": 118, 
            "}": 87
        }, 
        "nameservers": 2, 
        "tags_count": {
            "script": 12, 
            "object": 0, 
            "html": 1, 
            "href": 48, 
            "iframe": 0, 
            "embed": 0
        }, 
        "special_char_count": 1, 
        "no_of_redirects": 2, 
        "location": "Unitedstates", 
        "ip_check": 0
    }, 
    "google.com": {
        "url_length": 10, 
        "no_of_out_of_place_features": 4618, 
        "terms": {
            " ": 96, 
            "$": 8, 
            "(": 151, 
            ",": 287, 
            "0": 30, 
            "\u00bb": 1, 
            "<": 8, 
            "D": 8, 
            "H": 7, 
            "L": 6, 
            "P": 18, 
            "T": 16, 
            "\u00d7": 1, 
            "X": 3, 
            "d": 121, 
            "h": 56, 
            "l": 117, 
            "p": 77, 
            "t": 187, 
            "x": 9, 
            "|": 36, 
            "'": 8, 
            "+": 30, 
            "/": 9, 
            "3": 1, 
            "7": 1, 
            ";": 115, 
            "?": 15, 
            "C": 12, 
            "G": 8, 
            "K": 4, 
            "O": 16, 
            "S": 18, 
            "W": 15, 
            "[": 15, 
            "_": 13, 
            "c": 158, 
            "g": 106, 
            "k": 32, 
            "o": 303, 
            "s": 143, 
            "w": 90, 
            "{": 75, 
            "\"": 196, 
            "&": 48, 
            "*": 1, 
            ".": 551, 
            "2": 8, 
            "6": 2, 
            ":": 82, 
            ">": 9, 
            "B": 8, 
            "F": 5, 
            "J": 4, 
            "N": 18, 
            "R": 10, 
            "V": 8, 
            "Z": 3, 
            "b": 194, 
            "f": 80, 
            "j": 3, 
            "n": 186, 
            "r": 142, 
            "v": 60, 
            "z": 3, 
            "!": 37, 
            ")": 151, 
            "-": 2, 
            "1": 35, 
            "5": 2, 
            "=": 137, 
            "A": 7, 
            "E": 17, 
            "I": 14, 
            "M": 6, 
            "Q": 3, 
            "U": 9, 
            "Y": 4, 
            "]": 15, 
            "a": 418, 
            "e": 208, 
            "i": 129, 
            "m": 71, 
            "q": 9, 
            "u": 102, 
            "y": 37, 
            "}": 75
        }, 
        "nameservers": 4, 
        "tags_count": {
            "script": 7, 
            "object": 0, 
            "html": 1, 
            "href": 31, 
            "iframe": 0, 
            "embed": 0
        }, 
        "special_char_count": 1, 
        "no_of_redirects": 1, 
        "location": "Unitedstates", 
        "ip_check": 0
    }, 
    "baidu.com": {
        "url_length": 9, 
        "no_of_out_of_place_features": 176, 
        "terms": {
            "\u5e93": 1, 
            "\u5199": 1, 
            "\u591a": 2, 
            " ": 5, 
            "\u4ea7": 1, 
            "(": 1, 
            ",": 1, 
            "0": 13, 
            "\u00bb": 1, 
            "\u89c1": 1, 
            "\u5fc5": 1, 
            "\u53cd": 1, 
            "\u4e50": 1, 
            "T": 1, 
            ";": 2, 
            "\u77e5": 1, 
            "d": 4, 
            "h": 1, 
            "\u95ed": 1, 
            "l": 1, 
            "\u7cef": 1, 
            "\u7f6e": 2, 
            "p": 1, 
            "t": 4, 
            "x": 1, 
            "\u9996": 1, 
            "\u00a0": 7, 
            "G": 1, 
            "\u5427": 2, 
            "\u4eac": 1, 
            "3": 3, 
            "7": 1, 
            "\u4e3b": 2, 
            "\u8bbe": 4, 
            "C": 1, 
            "\u7247": 1, 
            "\u89c6": 2, 
            "M": 1, 
            "\u624b": 1, 
            "O": 1, 
            "\u7f51": 1, 
            "\u9053": 1, 
            "\u5f55": 2, 
            "\u95fb": 2, 
            "c": 3, 
            "\u5165": 1, 
            "g": 1, 
            "k": 2, 
            "S": 2, 
            "o": 8, 
            "\u7c73": 1, 
            "\u66f4": 2, 
            "\u767b": 2, 
            "\u62fc": 1, 
            "\u6587": 1, 
            "\n": 1, 
            "\u9891": 2, 
            "\u8f93": 1, 
            "\"": 2, 
            "\u00a9": 1, 
            "\u7528": 1, 
            ".": 2, 
            "\u5730": 2, 
            "2": 3, 
            "\u8d34": 2, 
            "\u4e3a": 2, 
            "\u54c1": 1, 
            "B": 2, 
            "J": 2, 
            "N": 1, 
            "\u6cd5": 1, 
            "b": 2, 
            "f": 1, 
            "n": 4, 
            "\u97f3": 2, 
            "r": 2, 
            "\u53f7": 1, 
            "v": 1, 
            "\u8bfb": 1, 
            "\u767e": 5, 
            "\u8bc1": 1, 
            "\u9988": 1, 
            "\u628a": 2, 
            "\u610f": 1, 
            "\u4e8e": 1, 
            "\u5ea6": 5, 
            ")": 1, 
            ":": 2, 
            "s": 1, 
            "1": 4, 
            "\u65b0": 2, 
            "5": 1, 
            "\u9875": 4, 
            "=": 3, 
            "A": 1, 
            "E": 1, 
            "I": 1, 
            "\u524d": 1, 
            "{": 1, 
            "a": 8, 
            "e": 6, 
            "P": 1, 
            "i": 7, 
            "m": 1, 
            "\u5173": 2, 
            "u": 4, 
            "}": 1, 
            "\u4f7f": 1, 
            "\u56fe": 3
        }, 
        "nameservers": 5, 
        "tags_count": {
            "script": 0, 
            "object": 0, 
            "html": 1, 
            "href": 0, 
            "iframe": 0, 
            "embed": 0
        }, 
        "special_char_count": 1, 
        "no_of_redirects": 3, 
        "location": "China", 
        "ip_check": 0
    }, 
    "youtube.com": {
        "url_length": 11, 
        "no_of_out_of_place_features": 204914, 
        "terms": {
            "\n": 350, 
            "!": 2, 
            " ": 366, 
            "\u00b0": 1, 
            ")": 13, 
            "(": 13, 
            ",": 1, 
            ".": 23, 
            "1": 3, 
            "0": 2, 
            "3": 1, 
            "5": 1, 
            "6": 1, 
            ";": 9, 
            "=": 3, 
            "B": 2, 
            "E": 1, 
            "G": 1, 
            "I": 2, 
            "H": 1, 
            "M": 2, 
            "L": 2, 
            "N": 2, 
            "P": 1, 
            "S": 8, 
            "R": 1, 
            "U": 1, 
            "T": 5, 
            "V": 2, 
            "Y": 3, 
            "_": 15, 
            "a": 38, 
            "c": 12, 
            "b": 3, 
            "e": 47, 
            "d": 34, 
            "g": 6, 
            "f": 15, 
            "i": 37, 
            "h": 9, 
            "k": 4, 
            "&": 8, 
            "m": 11, 
            "l": 10, 
            "o": 42, 
            "n": 36, 
            "p": 5, 
            "s": 19, 
            "r": 23, 
            "u": 23, 
            "t": 29, 
            "w": 31, 
            "v": 7, 
            "y": 8, 
            "{": 6, 
            "}": 6
        }, 
        "nameservers": 4, 
        "tags_count": {
            "script": 17, 
            "object": 0, 
            "html": 1, 
            "href": 254, 
            "iframe": 0, 
            "embed": 0
        }, 
        "special_char_count": 1, 
        "no_of_redirects": 3, 
        "location": "Unitedstates", 
        "ip_check": 0
    }
}