{
    "http://dyfdzx.com/js?fav.1=&fid=1&fid.4.1252899642=&rand%13InboxLightaspxn.1774256418=&rand.13InboxLight.as=&ref=http:%2Fjebvahnus.battle.net%2Fd3%2Fen==========": {
        "url_length": 161, 
        "no_of_out_of_place_features": 2252, 
        "terms": null, 
        "nameservers": 2, 
        "tags_count": {
            "script": 4, 
            "object": 0, 
            "html": 1, 
            "href": 1, 
            "iframe": 0, 
            "embed": 0
        }, 
        "special_char_count": 1, 
        "reg_date": null, 
        "no_of_redirects": 12, 
        "location": "China", 
        "ip_check": 0
    }, 
    "http://nedbankweb.com/nedadmin/ned/newned.html": {
        "url_length": 46, 
        "no_of_out_of_place_features": 5604, 
        "terms": null, 
        "nameservers": 2, 
        "tags_count": {
            "script": 14, 
            "object": 0, 
            "html": 1, 
            "href": 29, 
            "iframe": 2, 
            "embed": 0
        }, 
        "special_char_count": 1, 
        "reg_date": "16-nov-2015", 
        "no_of_redirects": 6, 
        "location": "Unitedstates", 
        "ip_check": 0
    }, 
    "http://grospeedo.com/cgi-sys/suspendedpage.cgi": {
        "url_length": 46, 
        "no_of_out_of_place_features": 289, 
        "terms": [
            "account", 
            "Suspended"
        ], 
        "nameservers": 2, 
        "tags_count": {
            "script": 0, 
            "object": 0, 
            "html": 1, 
            "href": 0, 
            "iframe": 0, 
            "embed": 0
        }, 
        "special_char_count": 1, 
        "reg_date": null, 
        "no_of_redirects": 6, 
        "location": "Unitedstates", 
        "ip_check": 0
    }, 
    "http://www.ec-kart.de/kleinanzeigenc699xzGxmszEsdf33xgchvjbehbrefm986samenueleaccieUTF8&node569866sicvbcvubehbrefsamenueleaccieUTF856trhth56vbte56efm986sa.htm": {
        "url_length": 158, 
        "no_of_out_of_place_features": 5770, 
        "terms": [
            "ownCloud"
        ], 
        "nameservers": null, 
        "tags_count": {
            "script": 47, 
            "object": 0, 
            "html": 1, 
            "href": 2, 
            "iframe": 0, 
            "embed": 0
        }, 
        "special_char_count": 1, 
        "reg_date": null, 
        "no_of_redirects": 9, 
        "location": "178.254.10.24", 
        "ip_check": 0
    }, 
    "http://www.lamaquinaempire.com/libraries/simplepie/idn/?https://www.secure.paypal.co.uk/cgi-bin/webscr-cmd=_view-a-trans&id=S4J5P37HO6GI24H": {
        "url_length": 139, 
        "no_of_out_of_place_features": 176, 
        "terms": [], 
        "nameservers": 2, 
        "tags_count": {
            "script": 0, 
            "object": 0, 
            "html": 1, 
            "href": 0, 
            "iframe": 0, 
            "embed": 0
        }, 
        "special_char_count": 1, 
        "reg_date": null, 
        "no_of_redirects": null, 
        "location": "Unitedstates", 
        "ip_check": 0
    }, 
    "http://appileiuuazuiustretiuazldupcofnirmaz2398duuiaz823.duivlei.5gbfree.com": {
        "url_length": 76, 
        "no_of_out_of_place_features": 182, 
        "terms": [], 
        "nameservers": null, 
        "tags_count": {
            "script": 1, 
            "object": 0, 
            "html": 1, 
            "href": 0, 
            "iframe": 0, 
            "embed": 0
        }, 
        "special_char_count": 1, 
        "reg_date": "03-jan-2007", 
        "no_of_redirects": 18, 
        "location": "Unitedstates", 
        "ip_check": 0
    }, 
    "http://varissinnemane.com/telenord/a9b3cd8bf70fba24ae717ed1c3971e7f/Apple/": {
        "url_length": 74, 
        "no_of_out_of_place_features": 1849, 
        "terms": [
            "konto", 
            "Uppdatera", 
            "Apple", 
            "\ufeff", 
            "|"
        ], 
        "nameservers": 3, 
        "tags_count": {
            "script": 4, 
            "object": 0, 
            "html": 1, 
            "href": 0, 
            "iframe": 0, 
            "embed": 0
        }, 
        "special_char_count": 1, 
        "reg_date": null, 
        "no_of_redirects": 7, 
        "location": "Belgium", 
        "ip_check": 0
    }, 
    "http://www.dacsandatquang.com/wp-content/plugins/share-this/Alibaba.html": {
        "url_length": 72, 
        "no_of_out_of_place_features": 2934, 
        "terms": null, 
        "nameservers": 2, 
        "tags_count": {
            "script": 5, 
            "object": 0, 
            "html": 1, 
            "href": 50, 
            "iframe": 0, 
            "embed": 0
        }, 
        "special_char_count": 1, 
        "reg_date": null, 
        "no_of_redirects": 21, 
        "location": "Unitedstates", 
        "ip_check": 0
    }, 
    "http://varissinnemane.com/telenord/58907422066ea8405fdebd0a77c7285b/Apple/": {
        "url_length": 74, 
        "no_of_out_of_place_features": 1849, 
        "terms": [
            "konto", 
            "Uppdatera", 
            "Apple", 
            "\ufeff", 
            "|"
        ], 
        "nameservers": 3, 
        "tags_count": {
            "script": 4, 
            "object": 0, 
            "html": 1, 
            "href": 0, 
            "iframe": 0, 
            "embed": 0
        }, 
        "special_char_count": 1, 
        "reg_date": null, 
        "no_of_redirects": 7, 
        "location": "Belgium", 
        "ip_check": 0
    }, 
    "http://www.gwshippingcorp.com/": {
        "url_length": 30, 
        "no_of_out_of_place_features": 827, 
        "terms": [
            "http", 
            "://www", 
            "document.write", 
            "(unescape", 
            "src", 
            "='\"", 
            "charterer", 
            "operator", 
            "Greenwich", 
            "Corporation", 
            "1,100", 
            "fleetDecember", 
            "2,200", 
            "Allocean", 
            "group", 
            "decade", 
            "Company", 
            "2015", 
            "News", 
            "='text", 
            "2013", 
            "product", 
            "tankersDecember", 
            "2014", 
            "Tracking", 
            "container", 
            "shipsFebruary", 
            "government", 
            "==", 
            "rise", 
            "chemical", 
            "tankers", 
            "Wenchong", 
            "TEU", 
            "shipsMarch", 
            "2012", 
            "+447024088128", 
            "cargo", 
            "ships", 
            "LPG", 
            "Panamax", 
            "vessels", 
            "NewsGreenwich", 
            "tanker", 
            "Management", 
            "40", 
            "years", 
            "YangzijKingsleyg", 
            "Group", 
            "company", 
            "reefer", 
            "Legal", 
            "vessel", 
            "design", 
            "year", 
            "management", 
            "fleet", 
            "ship", 
            "owner", 
            "Welcome", 
            "/", 
            "newbuildingsDecember", 
            "business", 
            "shipsMay", 
            "20092004", 
            "million", 
            "expansion", 
            "Chinese", 
            "shipyardsMarch", 
            "((\"", 
            "https", 
            "Contact", 
            "32", 
            "industry", 
            "GreenwichJanuary", 
            "20112009", 
            "experience", 
            "addition", 
            "carrier", 
            "place", 
            "Fleet", 
            "Careers", 
            "\u00a0", 
            "Home", 
            "renewal", 
            "programmeDecember", 
            "shipsOctober", 
            "organisation", 
            "market", 
            "cycles", 
            "commitment", 
            "fleetJuly", 
            "right", 
            "gaJsHost", 
            "/ga", 
            "purchase", 
            "fleetJanuary", 
            "2007", 
            "info", 
            "@gwshippingcorp", 
            "owning", 
            "64,000", 
            "Cookie", 
            "interest", 
            "var", 
            "dwt", 
            "bulk", 
            "carriersFebruary", 
            "20122010", 
            "type", 
            "Header", 
            "NavigationHome", 
            "document.location.protocol", 
            "tankersMay", 
            "places", 
            "order", 
            "diversity", 
            "Footer", 
            "Career", 
            "January", 
            "part", 
            "Sitemap", 
            "Text", 
            "\u00a9", 
            "Image", 
            "acquisition", 
            "history", 
            "tonne", 
            "option", 
            "70", 
            "carriers", 
            "majority", 
            "reputation", 
            "reefers", 
            "\u2013", 
            "cycle", 
            "sale", 
            "://ssl", 
            "2006", 
            "Cookies", 
            "professional", 
            "google", 
            "analytics.com"
        ], 
        "nameservers": 2, 
        "tags_count": {
            "script": 13, 
            "object": 0, 
            "html": 1, 
            "href": 40, 
            "iframe": 0, 
            "embed": 0
        }, 
        "special_char_count": 1, 
        "reg_date": "14-oct-2015", 
        "no_of_redirects": 0, 
        "location": "Netherlands", 
        "ip_check": 0
    }, 
    "https://secure185.inmotionhosting.com/~domisa5/logininfospaypal": {
        "url_length": 63, 
        "no_of_out_of_place_features": 699, 
        "terms": [
            "(str", 
            "return", 
            "filter.test", 
            "testresult", 
            "document.validation", 
            ".1.value", 
            "var", 
            "filter", 
            "input", 
            "checkemail", 
            "email", 
            "function", 
            "testresults", 
            "(){", 
            "str", 
            "", 
            "]+(?:\\.[\\w", 
            "address", 
            "!\")", 
            "(\"Please", 
            "/^([\\"
        ], 
        "nameservers": null, 
        "tags_count": {
            "script": 2, 
            "object": 0, 
            "html": 1, 
            "href": 0, 
            "iframe": 0, 
            "embed": 0
        }, 
        "special_char_count": 1, 
        "reg_date": "15-feb-2001", 
        "no_of_redirects": 21, 
        "location": "Unitedstates", 
        "ip_check": 0
    }, 
    "http://nedbankweb.com/ned/newned.html": {
        "url_length": 37, 
        "no_of_out_of_place_features": 5604, 
        "terms": null, 
        "nameservers": 2, 
        "tags_count": {
            "script": 14, 
            "object": 0, 
            "html": 1, 
            "href": 29, 
            "iframe": 2, 
            "embed": 0
        }, 
        "special_char_count": 1, 
        "reg_date": "16-nov-2015", 
        "no_of_redirects": 0, 
        "location": "Unitedstates", 
        "ip_check": 0
    }, 
    "http://lordbless.pearlsgraphics.com/creativewire.html": {
        "url_length": 53, 
        "no_of_out_of_place_features": 3782, 
        "terms": null, 
        "nameservers": null, 
        "tags_count": {
            "script": 10, 
            "object": 0, 
            "html": 1, 
            "href": 14, 
            "iframe": 0, 
            "embed": 0
        }, 
        "special_char_count": 1, 
        "reg_date": "18-feb-2013", 
        "no_of_redirects": 11, 
        "location": "Unitedstates", 
        "ip_check": 0
    }, 
    "http://grospeedo.com/cp/index.html": {
        "url_length": 34, 
        "no_of_out_of_place_features": 289, 
        "terms": [
            "account", 
            "Suspended"
        ], 
        "nameservers": 2, 
        "tags_count": {
            "script": 0, 
            "object": 0, 
            "html": 1, 
            "href": 0, 
            "iframe": 0, 
            "embed": 0
        }, 
        "special_char_count": 1, 
        "reg_date": null, 
        "no_of_redirects": 7, 
        "location": "Unitedstates", 
        "ip_check": 0
    }, 
    "http://foresque.net/wp-admin/whatif": {
        "url_length": 35, 
        "no_of_out_of_place_features": 2383, 
        "terms": null, 
        "nameservers": 4, 
        "tags_count": {
            "script": 1, 
            "object": 0, 
            "html": 1, 
            "href": 4, 
            "iframe": 1, 
            "embed": 0
        }, 
        "special_char_count": 1, 
        "reg_date": null, 
        "no_of_redirects": 13, 
        "location": "Indonesia", 
        "ip_check": 0
    }, 
    "http://cutt.us/TjNX": {
        "url_length": 19, 
        "no_of_out_of_place_features": 383, 
        "terms": [
            ");", 
            "document.getElementsByTagName", 
            "('script", 
            "s.parentNode.insertBefore", 
            "(em", 
            "text", 
            ":'", 
            "document.createElement", 
            "/em", 
            "'.", 
            "em.src", 
            "effectivemeasure.net", 
            "/javascript", 
            "em.async", 
            "em.type", 
            "http", 
            "://me", 
            "var", 
            "https", 
            "document.location.protocol", 
            "function", 
            "==", 
            "('", 
            "()", 
            "})();"
        ], 
        "nameservers": 2, 
        "tags_count": {
            "script": 2, 
            "object": 0, 
            "html": 1, 
            "href": 0, 
            "iframe": 0, 
            "embed": 0
        }, 
        "special_char_count": 1, 
        "reg_date": null, 
        "no_of_redirects": 9, 
        "location": "France", 
        "ip_check": 0
    }, 
    "http://www.cslintunes.com/log7/itinseonect.appel.com.cgi.bin/06e9795ee73171ea05fe3d1e6c29df56/": {
        "url_length": 94, 
        "no_of_out_of_place_features": 2223, 
        "terms": [
            "account", 
            "\ufeff", 
            "Confirm"
        ], 
        "nameservers": 2, 
        "tags_count": {
            "script": 4, 
            "object": 0, 
            "html": 1, 
            "href": 0, 
            "iframe": 0, 
            "embed": 0
        }, 
        "special_char_count": 1, 
        "reg_date": null, 
        "no_of_redirects": 7, 
        "location": "Unitedstates", 
        "ip_check": 0
    }, 
    "http://www.grospeedo.com/cp/index.html": {
        "url_length": 38, 
        "no_of_out_of_place_features": 289, 
        "terms": [
            "account", 
            "Suspended"
        ], 
        "nameservers": 2, 
        "tags_count": {
            "script": 0, 
            "object": 0, 
            "html": 1, 
            "href": 0, 
            "iframe": 0, 
            "embed": 0
        }, 
        "special_char_count": 1, 
        "reg_date": null, 
        "no_of_redirects": 8, 
        "location": "Unitedstates", 
        "ip_check": 0
    }, 
    "http://fotomat.net/ssh/images/paypaI.com_au.secure/au/cgi-bin/webscr": {
        "url_length": 68, 
        "no_of_out_of_place_features": 316, 
        "terms": [
            "TypesFeesPrivacySecurity", 
            "right", 
            "Log", 
            "money", 
            "bank", 
            "account", 
            "JavaScript", 
            "sign", 
            "InformationAboutAccount", 
            "href", 
            "Free", 
            "Tips", 
            "addressPasswordForgot", 
            "PayPal", 
            "check", 
            "it.Simple", 
            "password", 
            "?Sign", 
            "style", 
            "pay.Pick", 
            ";}</style", 
            "class", 
            "=\"nonjsAlert", 
            "Javascript", 
            "feature", 
            "type", 
            "=\"text", 
            "charge", 
            "accountMember", 
            "InEmail", 
            "internet", 
            "UsLegal", 
            "AgreementsJobsMas", 
            "email", 
            "=\"http", 
            "address", 
            "something", 
            "free.It", 
            "fee", 
            "Error", 
            "X", 
            "line", 
            "card", 
            "matter", 
            "1999", 
            "2014", 
            "transaction", 
            "PayCopyright", 
            "target", 
            "=\"blank", 
            "=\"https", 
            "CenterContact", 
            "browser", 
            "</a", 
            "MessagePlease", 
            "AgreementsJobsMass", 
            "\u00a9", 
            "credit", 
            "Troubleshooting"
        ], 
        "nameservers": 2, 
        "tags_count": {
            "script": 1, 
            "object": 0, 
            "html": 1, 
            "href": 13, 
            "iframe": 0, 
            "embed": 0
        }, 
        "special_char_count": 1, 
        "reg_date": "03-apr-2000", 
        "no_of_redirects": 1, 
        "location": "Canada", 
        "ip_check": 0
    }, 
    "http://197.1.165.83.dynamic.mundo-r.com:5900/0641": {
        "url_length": 49, 
        "no_of_out_of_place_features": null, 
        "terms": null, 
        "nameservers": null, 
        "tags_count": null, 
        "special_char_count": 1, 
        "reg_date": null, 
        "no_of_redirects": null, 
        "location": "197.1.165.83.dynamic.mundo", 
        "ip_check": 1
    }, 
    "http://veterinariabogota.com.co/": {
        "url_length": 32, 
        "no_of_out_of_place_features": 1430, 
        "terms": [
            ":\"Add", 
            ":2000,", 
            "drop", 
            "\",", 
            "lifespan", 
            "animationIn", 
            ":false", 
            "message", 
            "var", 
            "addToHomeConfig", 
            ":true", 
            "%", 
            "\"};", 
            "Screen", 
            "touchIcon", 
            "animationOut", 
            "bubble", 
            ":5,", 
            "website", 
            "icon", 
            "returningVisitor", 
            ">%device", 
            "App", 
            "Home"
        ], 
        "nameservers": 2, 
        "tags_count": {
            "script": 27, 
            "object": 0, 
            "html": 1, 
            "href": 41, 
            "iframe": 0, 
            "embed": 0
        }, 
        "special_char_count": 1, 
        "reg_date": null, 
        "no_of_redirects": 7, 
        "location": "Colombia", 
        "ip_check": 0
    }, 
    "http://dyfdzx.com/js/?fav.1=&fid=1&fid.4.1252899642=&rand%13InboxLightaspxn.1774256418=&rand.13InboxLight.as=&ref=http:%2Fjebvahnus.battle.net%2Fd3%2Fen==========": {
        "url_length": 162, 
        "no_of_out_of_place_features": 2252, 
        "terms": null, 
        "nameservers": 2, 
        "tags_count": {
            "script": 4, 
            "object": 0, 
            "html": 1, 
            "href": 1, 
            "iframe": 0, 
            "embed": 0
        }, 
        "special_char_count": 1, 
        "reg_date": null, 
        "no_of_redirects": 11, 
        "location": "China", 
        "ip_check": 0
    }, 
    "http://www.coe-sol.com/dropbox/": {
        "url_length": 31, 
        "no_of_out_of_place_features": 2009, 
        "terms": [
            "Dropbox", 
            "Sign"
        ], 
        "nameservers": 2, 
        "tags_count": {
            "script": 4, 
            "object": 0, 
            "html": 1, 
            "href": 1, 
            "iframe": 0, 
            "embed": 0
        }, 
        "special_char_count": 1, 
        "reg_date": null, 
        "no_of_redirects": 21, 
        "location": "202.75.54.232", 
        "ip_check": 0
    }, 
    "http://escolapiessabadell.org/wp-admin/js/account-verify.html": {
        "url_length": 61, 
        "no_of_out_of_place_features": 402, 
        "terms": [], 
        "nameservers": 2, 
        "tags_count": {
            "script": 0, 
            "object": 0, 
            "html": 1, 
            "href": 0, 
            "iframe": 0, 
            "embed": 0
        }, 
        "special_char_count": 1, 
        "reg_date": "06-oct-2012", 
        "no_of_redirects": 9, 
        "location": "France", 
        "ip_check": 0
    }, 
    "http://mentesvoadoras.net/textos/wp-includes/images/wlw/hmr/profile.html?ssl=yes": {
        "url_length": 80, 
        "no_of_out_of_place_features": 5584, 
        "terms": [], 
        "nameservers": 2, 
        "tags_count": {
            "script": 1, 
            "object": 0, 
            "html": 1, 
            "href": 29, 
            "iframe": 0, 
            "embed": 0
        }, 
        "special_char_count": 1, 
        "reg_date": null, 
        "no_of_redirects": 21, 
        "location": "Unitedstates", 
        "ip_check": 0
    }, 
    "http://whoisaarongo.com/uaoxmal/sxzaplm/nnmnaz/mzlmasae/": {
        "url_length": 56, 
        "no_of_out_of_place_features": null, 
        "terms": null, 
        "nameservers": 2, 
        "tags_count": null, 
        "special_char_count": 1, 
        "reg_date": null, 
        "no_of_redirects": null, 
        "location": "Unitedstates", 
        "ip_check": 0
    }, 
    "http://kktcokculuk.org/grupoeuropiana/googledoc/": {
        "url_length": 48, 
        "no_of_out_of_place_features": 5446, 
        "terms": [
            "\ufeff", 
            "Google", 
            "Docs", 
            "Doc", 
            "storage", 
            "spreadsheet", 
            "Online", 
            "documents", 
            "survey", 
            "document", 
            "presentation"
        ], 
        "nameservers": 2, 
        "tags_count": {
            "script": 8, 
            "object": 0, 
            "html": 1, 
            "href": 9, 
            "iframe": 1, 
            "embed": 0
        }, 
        "special_char_count": 1, 
        "reg_date": null, 
        "no_of_redirects": 9, 
        "location": "Unitedstates", 
        "ip_check": 0
    }, 
    "http://vidyaa.in/new/image.htm": {
        "url_length": 30, 
        "no_of_out_of_place_features": 0, 
        "terms": [
            "/image", 
            "use", 
            "ErrorDocument", 
            "URL", 
            "/", 
            "request", 
            "server", 
            "404", 
            "Found", 
            "error"
        ], 
        "nameservers": 2, 
        "tags_count": {
            "script": 0, 
            "object": 0, 
            "html": 1, 
            "href": 0, 
            "iframe": 0, 
            "embed": 0
        }, 
        "special_char_count": 1, 
        "reg_date": null, 
        "no_of_redirects": null, 
        "location": "Unitedstates", 
        "ip_check": 0
    }, 
    "http://fotomat.net/ssh/images/paypaI.com_au.secure?": {
        "url_length": 51, 
        "no_of_out_of_place_features": 316, 
        "terms": [
            "TypesFeesPrivacySecurity", 
            "right", 
            "Log", 
            "money", 
            "bank", 
            "account", 
            "JavaScript", 
            "sign", 
            "InformationAboutAccount", 
            "href", 
            "Free", 
            "Tips", 
            "addressPasswordForgot", 
            "PayPal", 
            "check", 
            "it.Simple", 
            "password", 
            "?Sign", 
            "style", 
            "pay.Pick", 
            ";}</style", 
            "class", 
            "=\"nonjsAlert", 
            "Javascript", 
            "feature", 
            "type", 
            "=\"text", 
            "charge", 
            "accountMember", 
            "InEmail", 
            "internet", 
            "UsLegal", 
            "AgreementsJobsMas", 
            "email", 
            "=\"http", 
            "address", 
            "something", 
            "free.It", 
            "fee", 
            "Error", 
            "X", 
            "line", 
            "card", 
            "matter", 
            "1999", 
            "2014", 
            "transaction", 
            "PayCopyright", 
            "target", 
            "=\"blank", 
            "=\"https", 
            "CenterContact", 
            "browser", 
            "</a", 
            "MessagePlease", 
            "AgreementsJobsMass", 
            "\u00a9", 
            "credit", 
            "Troubleshooting"
        ], 
        "nameservers": 2, 
        "tags_count": {
            "script": 1, 
            "object": 0, 
            "html": 1, 
            "href": 13, 
            "iframe": 0, 
            "embed": 0
        }, 
        "special_char_count": 1, 
        "reg_date": "03-apr-2000", 
        "no_of_redirects": 4, 
        "location": "Canada", 
        "ip_check": 0
    }, 
    "http://fotomat.net/ssh/images/paypaI.com_au.secure/au/cgi-bin/webscr/": {
        "url_length": 69, 
        "no_of_out_of_place_features": 316, 
        "terms": [
            "TypesFeesPrivacySecurity", 
            "right", 
            "Log", 
            "money", 
            "bank", 
            "account", 
            "JavaScript", 
            "sign", 
            "InformationAboutAccount", 
            "href", 
            "Free", 
            "Tips", 
            "addressPasswordForgot", 
            "PayPal", 
            "check", 
            "it.Simple", 
            "password", 
            "?Sign", 
            "style", 
            "pay.Pick", 
            ";}</style", 
            "class", 
            "=\"nonjsAlert", 
            "Javascript", 
            "feature", 
            "type", 
            "=\"text", 
            "charge", 
            "accountMember", 
            "InEmail", 
            "internet", 
            "UsLegal", 
            "AgreementsJobsMas", 
            "email", 
            "=\"http", 
            "address", 
            "something", 
            "free.It", 
            "fee", 
            "Error", 
            "X", 
            "line", 
            "card", 
            "matter", 
            "1999", 
            "2014", 
            "transaction", 
            "PayCopyright", 
            "target", 
            "=\"blank", 
            "=\"https", 
            "CenterContact", 
            "browser", 
            "</a", 
            "MessagePlease", 
            "AgreementsJobsMass", 
            "\u00a9", 
            "credit", 
            "Troubleshooting"
        ], 
        "nameservers": 2, 
        "tags_count": {
            "script": 1, 
            "object": 0, 
            "html": 1, 
            "href": 13, 
            "iframe": 0, 
            "embed": 0
        }, 
        "special_char_count": 1, 
        "reg_date": "03-apr-2000", 
        "no_of_redirects": 6, 
        "location": "Canada", 
        "ip_check": 0
    }, 
    "http://nedbank.myjino.ru/nedaction/newned.html": {
        "url_length": 46, 
        "no_of_out_of_place_features": 5604, 
        "terms": null, 
        "nameservers": null, 
        "tags_count": {
            "script": 14, 
            "object": 0, 
            "html": 1, 
            "href": 29, 
            "iframe": 2, 
            "embed": 0
        }, 
        "special_char_count": 1, 
        "reg_date": null, 
        "no_of_redirects": 0, 
        "location": "Russianfederation", 
        "ip_check": 0
    }, 
    "http://magicalwatcing.antonioeventos.com.br/wordme/wordme/wordme/wordme/": {
        "url_length": 72, 
        "no_of_out_of_place_features": 358, 
        "terms": [
            "\ufeff"
        ], 
        "nameservers": null, 
        "tags_count": {
            "script": 1, 
            "object": 0, 
            "html": 1, 
            "href": 0, 
            "iframe": 0, 
            "embed": 0
        }, 
        "special_char_count": 1, 
        "reg_date": null, 
        "no_of_redirects": 0, 
        "location": null, 
        "ip_check": 0
    }, 
    "http://www.2dehands.be.2-deleden.com/": {
        "url_length": 37, 
        "no_of_out_of_place_features": 7238, 
        "terms": null, 
        "nameservers": null, 
        "tags_count": {
            "script": 6, 
            "object": 0, 
            "html": 1, 
            "href": 44, 
            "iframe": 1, 
            "embed": 0
        }, 
        "special_char_count": 1, 
        "reg_date": null, 
        "no_of_redirects": 11, 
        "location": "188.93.150.117", 
        "ip_check": 0
    }, 
    "http://fotomat.net/ssh/images/paypaI.com_au.secure/?": {
        "url_length": 52, 
        "no_of_out_of_place_features": 316, 
        "terms": [
            "TypesFeesPrivacySecurity", 
            "right", 
            "Log", 
            "money", 
            "bank", 
            "account", 
            "JavaScript", 
            "sign", 
            "InformationAboutAccount", 
            "href", 
            "Free", 
            "Tips", 
            "addressPasswordForgot", 
            "PayPal", 
            "check", 
            "it.Simple", 
            "password", 
            "?Sign", 
            "style", 
            "pay.Pick", 
            ";}</style", 
            "class", 
            "=\"nonjsAlert", 
            "Javascript", 
            "feature", 
            "type", 
            "=\"text", 
            "charge", 
            "accountMember", 
            "InEmail", 
            "internet", 
            "UsLegal", 
            "AgreementsJobsMas", 
            "email", 
            "=\"http", 
            "address", 
            "something", 
            "free.It", 
            "fee", 
            "Error", 
            "X", 
            "line", 
            "card", 
            "matter", 
            "1999", 
            "2014", 
            "transaction", 
            "PayCopyright", 
            "target", 
            "=\"blank", 
            "=\"https", 
            "CenterContact", 
            "browser", 
            "</a", 
            "MessagePlease", 
            "AgreementsJobsMass", 
            "\u00a9", 
            "credit", 
            "Troubleshooting"
        ], 
        "nameservers": 2, 
        "tags_count": {
            "script": 1, 
            "object": 0, 
            "html": 1, 
            "href": 13, 
            "iframe": 0, 
            "embed": 0
        }, 
        "special_char_count": 1, 
        "reg_date": "03-apr-2000", 
        "no_of_redirects": 6, 
        "location": "Canada", 
        "ip_check": 0
    }, 
    "http://foresque.net/wp-admin/whatif/": {
        "url_length": 36, 
        "no_of_out_of_place_features": 2383, 
        "terms": null, 
        "nameservers": 4, 
        "tags_count": {
            "script": 1, 
            "object": 0, 
            "html": 1, 
            "href": 4, 
            "iframe": 1, 
            "embed": 0
        }, 
        "special_char_count": 1, 
        "reg_date": null, 
        "no_of_redirects": 12, 
        "location": "Indonesia", 
        "ip_check": 0
    }, 
    "http://ironingservicestamworth.com/wp-admin/inclu/Indezx.html": {
        "url_length": 61, 
        "no_of_out_of_place_features": 66, 
        "terms": [
            "account", 
            "Suspended"
        ], 
        "nameservers": 2, 
        "tags_count": {
            "script": 0, 
            "object": 0, 
            "html": 1, 
            "href": 0, 
            "iframe": 0, 
            "embed": 0
        }, 
        "special_char_count": 1, 
        "reg_date": null, 
        "no_of_redirects": 22, 
        "location": "Unitedstates", 
        "ip_check": 0
    }, 
    "http://www.mirkacejkova.cz/media/system/swf/identity.php": {
        "url_length": 56, 
        "no_of_out_of_place_features": 11700, 
        "terms": [
            "\u00a0Online", 
            "Process", 
            "Wells", 
            "Banking", 
            "Identity", 
            "Fargo", 
            "\ufeff", 
            "Verification"
        ], 
        "nameservers": 2, 
        "tags_count": {
            "script": 5, 
            "object": 0, 
            "html": 1, 
            "href": 41, 
            "iframe": 0, 
            "embed": 0
        }, 
        "special_char_count": 1, 
        "reg_date": null, 
        "no_of_redirects": 7, 
        "location": "Czechrepublic", 
        "ip_check": 0
    }, 
    "http://www.tahaavinhos.com.br/updat_paypal/paypal/": {
        "url_length": 50, 
        "no_of_out_of_place_features": 245, 
        "terms": [], 
        "nameservers": 3, 
        "tags_count": {
            "script": 1, 
            "object": 0, 
            "html": 1, 
            "href": 0, 
            "iframe": 0, 
            "embed": 0
        }, 
        "special_char_count": 1, 
        "reg_date": null, 
        "no_of_redirects": 0, 
        "location": "Unitedstates", 
        "ip_check": 0
    }, 
    "http://www.kktcokculuk.org/grupoeuropiana/googledoc": {
        "url_length": 51, 
        "no_of_out_of_place_features": 5446, 
        "terms": [
            "\ufeff", 
            "Google", 
            "Docs", 
            "Doc", 
            "storage", 
            "spreadsheet", 
            "Online", 
            "documents", 
            "survey", 
            "document", 
            "presentation"
        ], 
        "nameservers": 2, 
        "tags_count": {
            "script": 8, 
            "object": 0, 
            "html": 1, 
            "href": 9, 
            "iframe": 1, 
            "embed": 0
        }, 
        "special_char_count": 1, 
        "reg_date": null, 
        "no_of_redirects": 11, 
        "location": "Unitedstates", 
        "ip_check": 0
    }, 
    "http://picua.org/thumbs/2015-11/03/?https://www.secure.paypal.co.uk/cgi-bin/webscr-cmd=_view-a-trans&id=S4J5P37HO6GI24H": {
        "url_length": 119, 
        "no_of_out_of_place_features": 119, 
        "terms": [], 
        "nameservers": 2, 
        "tags_count": {
            "script": 0, 
            "object": 0, 
            "html": 1, 
            "href": 0, 
            "iframe": 0, 
            "embed": 0
        }, 
        "special_char_count": 1, 
        "reg_date": null, 
        "no_of_redirects": 21, 
        "location": "Ukraine", 
        "ip_check": 0
    }, 
    "http://www.shiningstar.com.sa/wp-includes/js/jquery/payca/6943b11753c75c030220e1c8dd18863a/": {
        "url_length": 91, 
        "no_of_out_of_place_features": 2997, 
        "terms": [
            "right", 
            "Log", 
            "accountMember", 
            "LoginEmail", 
            "addressPasswordForgotten", 
            "InformationAboutAccountsFeesPrivacySecurityContactLegalCombined", 
            "bank", 
            "account", 
            "JavaScript", 
            "Message", 
            "Centre", 
            "debit", 
            "doesn", 
            "1999", 
            "2014", 
            "$20,000", 
            "card", 
            "needs.HomePersonalBusinessDevelopersSecurity", 
            "\ufeff", 
            "PayPal", 
            "Inc", 
            "check", 
            "internet", 
            "browser", 
            "site", 
            "password", 
            "?Sign", 
            "Product", 
            "payment", 
            "method", 
            "purchase", 
            "log", 
            "\ufffd", 
            "description", 
            "peace", 
            "feature", 
            "need", 
            "objective", 
            "email", 
            "advice", 
            "product", 
            "address", 
            "Disclosure", 
            "mindWith", 
            "Summary", 
            "reserved.PayPal", 
            "rights", 
            "page.XMore", 
            "Financial", 
            "Services", 
            "Guide", 
            "controlYou", 
            "Service", 
            "StatementDevelopersJobsMobileMas", 
            "FreeOnline", 
            "credit", 
            "PayCopyright", 
            "view", 
            "section", 
            "situation", 
            "balance", 
            "StatementDevelopersJobsMobileMass"
        ], 
        "nameservers": 2, 
        "tags_count": {
            "script": 22, 
            "object": 0, 
            "html": 1, 
            "href": 22, 
            "iframe": 0, 
            "embed": 0
        }, 
        "special_char_count": 1, 
        "reg_date": null, 
        "no_of_redirects": 7, 
        "location": "Singapore", 
        "ip_check": 0
    }, 
    "http://beyroha.com/admin/css/franceandclick/": {
        "url_length": 44, 
        "no_of_out_of_place_features": 413, 
        "terms": [
            "youremail", 
            "@domain", 
            "Password", 
            "\u00a0", 
            "Log", 
            "Email", 
            "\u00a0\u00a0\u00a0", 
            "address", 
            "document", 
            "email", 
            "view"
        ], 
        "nameservers": 2, 
        "tags_count": {
            "script": 0, 
            "object": 0, 
            "html": 1, 
            "href": 0, 
            "iframe": 0, 
            "embed": 0
        }, 
        "special_char_count": 1, 
        "reg_date": null, 
        "no_of_redirects": 7, 
        "location": "Unitedstates", 
        "ip_check": 0
    }, 
    "https://secure185.inmotionhosting.com/~domisa5/logininfospaypal/5161ee672607f9e18ebe6e09099f361d/": {
        "url_length": 97, 
        "no_of_out_of_place_features": 699, 
        "terms": [
            "(str", 
            "return", 
            "filter.test", 
            "testresult", 
            "document.validation", 
            ".1.value", 
            "var", 
            "filter", 
            "input", 
            "checkemail", 
            "email", 
            "function", 
            "testresults", 
            "(){", 
            "str", 
            "", 
            "]+(?:\\.[\\w", 
            "address", 
            "!\")", 
            "(\"Please", 
            "/^([\\"
        ], 
        "nameservers": null, 
        "tags_count": {
            "script": 2, 
            "object": 0, 
            "html": 1, 
            "href": 0, 
            "iframe": 0, 
            "embed": 0
        }, 
        "special_char_count": 1, 
        "reg_date": "15-feb-2001", 
        "no_of_redirects": 18, 
        "location": "Unitedstates", 
        "ip_check": 0
    }, 
    "http://www.akdagfm.com/paypal.login/login/auth/": {
        "url_length": 47, 
        "no_of_out_of_place_features": 3755, 
        "terms": null, 
        "nameservers": 2, 
        "tags_count": {
            "script": 4, 
            "object": 0, 
            "html": 1, 
            "href": 0, 
            "iframe": 0, 
            "embed": 0
        }, 
        "special_char_count": 1, 
        "reg_date": null, 
        "no_of_redirects": null, 
        "location": "Turkey", 
        "ip_check": 0
    }, 
    "http://www.grospeedo.com/cgi-sys/suspendedpage.cgi": {
        "url_length": 50, 
        "no_of_out_of_place_features": null, 
        "terms": [
            "account", 
            "Suspended"
        ], 
        "nameservers": 2, 
        "tags_count": {
            "script": 0, 
            "object": 0, 
            "html": 1, 
            "href": 0, 
            "iframe": 0, 
            "embed": 0
        }, 
        "special_char_count": 1, 
        "reg_date": null, 
        "no_of_redirects": 7, 
        "location": "Unitedstates", 
        "ip_check": 0
    }, 
    "http://www.fce.unju.edu.ar/aresnoa/sites/default/files/languages/index.html?https:%2F%2Fnatwest.com%2Ftext-mobile-application%2Ftraffic%2F351326http:%2F%2Fatsys.com.br%2Fwp-content%2Fplugins%2Frevslider%2Fothers%2Fform.php?.rand%13InboxLight.aspx?n": {
        "url_length": 248, 
        "no_of_out_of_place_features": 0, 
        "terms": [
            "/site", 
            "URL", 
            "/", 
            "aresnoa", 
            "/sites", 
            "www.fce.unju.edu.ar", 
            "Server", 
            "server", 
            "/2.2.22", 
            "Ubuntu", 
            "Apache", 
            "Found", 
            "80", 
            "Port"
        ], 
        "nameservers": null, 
        "tags_count": {
            "script": 0, 
            "object": 0, 
            "html": 1, 
            "href": 0, 
            "iframe": 0, 
            "embed": 0
        }, 
        "special_char_count": 1, 
        "reg_date": null, 
        "no_of_redirects": null, 
        "location": null, 
        "ip_check": 0
    }
}