{
    "http://ssaua.org/tmp/webapps/328b76aeb3d55496eb8d63c98ac71a4c": {
        "url_length": 61, 
        "no_of_out_of_place_features": 699, 
        "terms": [
            "(str", 
            "return", 
            "filter.test", 
            "testresult", 
            "document.validation", 
            ".1.value", 
            "var", 
            "filter", 
            "input", 
            "checkemail", 
            "email", 
            "function", 
            "testresults", 
            "(){", 
            "str", 
            "", 
            "]+(?:\\.[\\w", 
            "address", 
            "!\")", 
            "(\"Please", 
            "/^([\\"
        ], 
        "nameservers": null, 
        "tags_count": {
            "script": 2, 
            "object": 0, 
            "html": 1, 
            "href": 0, 
            "iframe": 0, 
            "embed": 0
        }, 
        "special_char_count": 1, 
        "reg_date": null, 
        "no_of_redirects": 46, 
        "location": "Unitedstates", 
        "ip_check": 0
    }, 
    "http://zippo49.w.interiowo.pl/": {
        "url_length": 30, 
        "no_of_out_of_place_features": 76, 
        "terms": null, 
        "nameservers": null, 
        "tags_count": {
            "script": 14, 
            "object": 0, 
            "html": 1, 
            "href": 14, 
            "iframe": 0, 
            "embed": 0
        }, 
        "special_char_count": 1, 
        "reg_date": null, 
        "no_of_redirects": null, 
        "location": "Poland", 
        "ip_check": 0
    }, 
    "http://www.zsyqzx.cn/js?http:%2F%2Fus.battle.net%2Flogin%2Fen%2F?ref=http:%2F%2Fus.battle.net%2Fd3%2Fen%2Findex&;app=com-d3": {
        "url_length": 123, 
        "no_of_out_of_place_features": 2252, 
        "terms": null, 
        "nameservers": 2, 
        "tags_count": {
            "script": 4, 
            "object": 0, 
            "html": 1, 
            "href": 1, 
            "iframe": 0, 
            "embed": 0
        }, 
        "special_char_count": 1, 
        "reg_date": null, 
        "no_of_redirects": 86, 
        "location": null, 
        "ip_check": 0
    }, 
    "http://newcgg.com/amazon/": {
        "url_length": 25, 
        "no_of_out_of_place_features": 679, 
        "terms": null, 
        "nameservers": 2, 
        "tags_count": {
            "script": 11, 
            "object": 0, 
            "html": 1, 
            "href": 11, 
            "iframe": 1, 
            "embed": 0
        }, 
        "special_char_count": 1, 
        "reg_date": null, 
        "no_of_redirects": 160, 
        "location": "Unitedstates", 
        "ip_check": 0
    }, 
    "http://fen.org.br/varse/f6338c9d7c0510ef45a5797bca39984f?email=&.verify?service=mail-mynfpb=true&_pageLabel=smep_portal_page_login&timedOut=true&_nfls=false=&emailID=&.": {
        "url_length": 168, 
        "no_of_out_of_place_features": 4477, 
        "terms": [
            "Tracking", 
            "DHL", 
            "|"
        ], 
        "nameservers": 2, 
        "tags_count": {
            "script": 1, 
            "object": 0, 
            "html": 1, 
            "href": 0, 
            "iframe": 0, 
            "embed": 0
        }, 
        "special_char_count": 1, 
        "reg_date": null, 
        "no_of_redirects": 130, 
        "location": "Brazil", 
        "ip_check": 0
    }, 
    "http://www.smartcarpetcare.net/crm/class_http_dir/smoasx/mwaosa/": {
        "url_length": 64, 
        "no_of_out_of_place_features": 3988, 
        "terms": [
            "iPad", 
            "vodafone.ne.jp", 
            "\",", 
            "Apple", 
            "ID", 
            "account", 
            "information", 
            "cn", 
            "\"189.", 
            "Support", 
            "disney.ne.jp", 
            "softbank.ne.jp", 
            "wo.com.cn", 
            "ezweb.ne.jp", 
            "sign", 
            "ido.ne.jp", 
            "};", 
            "apple.com", 
            "Reset", 
            "mopera.net", 
            "menu", 
            "Store", 
            "Mac", 
            "iPhone", 
            "Watch", 
            "iPod", 
            "iTunes", 
            "recycleDomains", 
            ":[", 
            "docomo.ne.jp", 
            "\"139.", 
            "wcm.ne.jp", 
            "emnet.ne.jp", 
            "iTune", 
            "listOfRecycledDomain", 
            "var", 
            "pdx.ne.jp", 
            "com", 
            "emobile.ne.jp", 
            "willcom.com", 
            "i.softbank.jp", 
            "Sign", 
            "biz.ezweb.ne.jp", 
            "recycleDomain", 
            "listOfRecycledDomains", 
            "view"
        ], 
        "nameservers": null, 
        "tags_count": {
            "script": 4, 
            "object": 0, 
            "html": 1, 
            "href": 17, 
            "iframe": 0, 
            "embed": 0
        }, 
        "special_char_count": 1, 
        "reg_date": null, 
        "no_of_redirects": 33, 
        "location": "Unitedstates", 
        "ip_check": 0
    }, 
    "http://www.findmyphones.info/": {
        "url_length": 29, 
        "no_of_out_of_place_features": 58, 
        "terms": [
            "webServerInfo"
        ], 
        "nameservers": null, 
        "tags_count": {
            "script": 0, 
            "object": 0, 
            "html": 1, 
            "href": 0, 
            "iframe": 0, 
            "embed": 0
        }, 
        "special_char_count": 1, 
        "reg_date": null, 
        "no_of_redirects": 9, 
        "location": "Italy", 
        "ip_check": 0
    }, 
    "http://www.euwindow.net/~maertoer/Newdropbox": {
        "url_length": 44, 
        "no_of_out_of_place_features": 2251, 
        "terms": [
            "Dropbox", 
            "Sign"
        ], 
        "nameservers": 2, 
        "tags_count": {
            "script": 4, 
            "object": 0, 
            "html": 1, 
            "href": 2, 
            "iframe": 0, 
            "embed": 0
        }, 
        "special_char_count": 1, 
        "reg_date": null, 
        "no_of_redirects": 134, 
        "location": "Vietnam", 
        "ip_check": 0
    }, 
    "http://coleccion-privada.es/wp-admin/css/colors/blue/nat": {
        "url_length": 56, 
        "no_of_out_of_place_features": 553, 
        "terms": [
            "Log", 
            "Online", 
            "banking", 
            "services", 
            "Service", 
            "Credit", 
            "service", 
            "Card"
        ], 
        "nameservers": null, 
        "tags_count": {
            "script": 7, 
            "object": 0, 
            "html": 1, 
            "href": 13, 
            "iframe": 0, 
            "embed": 0
        }, 
        "special_char_count": 1, 
        "reg_date": null, 
        "no_of_redirects": 17, 
        "location": "178.32.72.124", 
        "ip_check": 0
    }, 
    "http://www.thepcsolution.ca/images/sysc/HxProcess.php": {
        "url_length": 53, 
        "no_of_out_of_place_features": 3929, 
        "terms": [
            "Halifax", 
            "Question", 
            "Security"
        ], 
        "nameservers": null, 
        "tags_count": {
            "script": 10, 
            "object": 0, 
            "html": 1, 
            "href": 9, 
            "iframe": 0, 
            "embed": 0
        }, 
        "special_char_count": 1, 
        "reg_date": null, 
        "no_of_redirects": 181, 
        "location": "Canada", 
        "ip_check": 0
    }, 
    "http://nicassociati.it/pdf/joblez/5dd30a6995d57cb0a7d58e9d48b05c44/": {
        "url_length": 67, 
        "no_of_out_of_place_features": 4072, 
        "terms": null, 
        "nameservers": null, 
        "tags_count": {
            "script": 8, 
            "object": 0, 
            "html": 1, 
            "href": 45, 
            "iframe": 0, 
            "embed": 0
        }, 
        "special_char_count": 1, 
        "reg_date": null, 
        "no_of_redirects": 5, 
        "location": "Italy", 
        "ip_check": 0
    }, 
    "http://www.revistamercado.do/wp-content/contact-form-7/languages/braste/ec6e47eb369ed9226c97d775c5ee71ef/Confirm.php": {
        "url_length": 116, 
        "no_of_out_of_place_features": 3526, 
        "terms": [
            "lance", 
            "document.fo.login", 
            "\\'avez", 
            "=true", 
            "||", 
            "champ", 
            ".');", 
            "tes", 
            "=false", 
            "<8)", 
            "//", 
            "si", 
            "gale", 
            "rempli", 
            "return", 
            "n", 
            "('Votre", 
            "\ufeff", 
            "\u00e9", 
            "ceci", 
            "\u00e0", 
            "8", 
            "caract", 
            "\u00e8res", 
            "attribue", 
            "ou", 
            "==", 
            "function", 
            "longueurtexte", 
            "()", 
            "var", 
            "_password", 
            "commodit", 
            "te", 
            "saisie", 
            "window.alert", 
            "('Vous", 
            "saisie.length", 
            "\u00e8re", 
            "('Vou", 
            "cette", 
            "espace"
        ], 
        "nameservers": null, 
        "tags_count": {
            "script": 9, 
            "object": 0, 
            "html": 1, 
            "href": 19, 
            "iframe": 0, 
            "embed": 0
        }, 
        "special_char_count": 1, 
        "reg_date": null, 
        "no_of_redirects": 4, 
        "location": "Dominicanrepublic", 
        "ip_check": 0
    }, 
    "http://nunasai.com/verify/1740902ba524efbc9b4fd8214dcf6df3/?dispatch=Pxtiol6uzhbVCZknnQWqYael1QSYwvjm2MFq8LUH36CG6X3tN0&email=": {
        "url_length": 126, 
        "no_of_out_of_place_features": 300, 
        "terms": [
            "Bitch", 
            "Boots", 
            "|", 
            "LOVE", 
            "FUCKING", 
            "HAHAHAHAHAHAHA"
        ], 
        "nameservers": 2, 
        "tags_count": {
            "script": 0, 
            "object": 0, 
            "html": 1, 
            "href": 0, 
            "iframe": 0, 
            "embed": 0
        }, 
        "special_char_count": 1, 
        "reg_date": null, 
        "no_of_redirects": 55, 
        "location": "Unitedstates", 
        "ip_check": 0
    }, 
    "http://www.rookiesevergreen.com/_images/apple/": {
        "url_length": 46, 
        "no_of_out_of_place_features": 239, 
        "terms": [], 
        "nameservers": null, 
        "tags_count": {
            "script": 1, 
            "object": 0, 
            "html": 1, 
            "href": 0, 
            "iframe": 0, 
            "embed": 0
        }, 
        "special_char_count": 1, 
        "reg_date": null, 
        "no_of_redirects": 17, 
        "location": "Unitedstates", 
        "ip_check": 0
    }, 
    "http://teamjms.cn/well.htm": {
        "url_length": 26, 
        "no_of_out_of_place_features": 1539, 
        "terms": null, 
        "nameservers": 2, 
        "tags_count": {
            "script": 7, 
            "object": 0, 
            "html": 1, 
            "href": 171, 
            "iframe": 0, 
            "embed": 0
        }, 
        "special_char_count": 1, 
        "reg_date": null, 
        "no_of_redirects": 122, 
        "location": "China", 
        "ip_check": 0
    }, 
    "http://kojiesan.co.id/manage/6345de0ef522f0461b2f18eeb8f570db/mx48qnpjp4ruk0fb5pwjzba1.php?Email=&.verify?service=mail&data:text/html;ServiceLogin?service=mail&passive=true&rm=false&continue=mail/&ss=1&scc=1&ltmpl=default&ltmplcache=2&emr=1&osid=1#identifier": {
        "url_length": 258, 
        "no_of_out_of_place_features": 0, 
        "terms": [
            "use", 
            "ErrorDocument", 
            "/6345de", 
            "URL", 
            "/", 
            "request", 
            "server", 
            "404", 
            "Found", 
            "error"
        ], 
        "nameservers": 2, 
        "tags_count": {
            "script": 0, 
            "object": 0, 
            "html": 1, 
            "href": 0, 
            "iframe": 0, 
            "embed": 0
        }, 
        "special_char_count": 1, 
        "reg_date": null, 
        "no_of_redirects": null, 
        "location": "Indonesia", 
        "ip_check": 0
    }, 
    "http://sealtranslation.com/paypal_secure/WebApps/Updater/e4ca47c810c9bd0739b1b8618798d099/?dispatch=sCaTthKEWG8JhdpKHE3H7BMPP5e5NASfd39GkTkhAs1SGqCn5G&email=": {
        "url_length": 157, 
        "no_of_out_of_place_features": 300, 
        "terms": [
            "Bitch", 
            "Boots", 
            "|", 
            "LOVE", 
            "FUCKING", 
            "HAHAHAHAHAHAHA"
        ], 
        "nameservers": 2, 
        "tags_count": {
            "script": 0, 
            "object": 0, 
            "html": 1, 
            "href": 0, 
            "iframe": 0, 
            "embed": 0
        }, 
        "special_char_count": 1, 
        "reg_date": "11-oct-2010", 
        "no_of_redirects": 198, 
        "location": "Unitedstates", 
        "ip_check": 0
    }, 
    "http://inyourfaceimages.com/wp-content/ccs": {
        "url_length": 42, 
        "no_of_out_of_place_features": 15327, 
        "terms": null, 
        "nameservers": 2, 
        "tags_count": {
            "script": 29, 
            "object": 0, 
            "html": 1, 
            "href": 13, 
            "iframe": 0, 
            "embed": 0
        }, 
        "special_char_count": 1, 
        "reg_date": "11-aug-2015", 
        "no_of_redirects": 157, 
        "location": "Unitedstates", 
        "ip_check": 0
    }, 
    "http://answerthewild.com/wp-includes/simplepie/class/reg/inf/meinestartseite/kunde/lp/wt/login/execution=e2s1/comdirect_de.php": {
        "url_length": 126, 
        "no_of_out_of_place_features": 0, 
        "terms": [
            "misconfiguration", 
            "webmaster", 
            "@answerthewild", 
            "Internal", 
            "80", 
            "information", 
            "use", 
            "log", 
            "500", 
            "Server", 
            "Error", 
            "error", 
            "server", 
            "administrator", 
            "Apache", 
            "ErrorDocument", 
            "answerthewild.com", 
            "anything", 
            "request", 
            "contact", 
            "time", 
            "Port"
        ], 
        "nameservers": null, 
        "tags_count": {
            "script": 0, 
            "object": 0, 
            "html": 1, 
            "href": 0, 
            "iframe": 0, 
            "embed": 0
        }, 
        "special_char_count": 1, 
        "reg_date": null, 
        "no_of_redirects": null, 
        "location": "Unitedstates", 
        "ip_check": 0
    }, 
    "http://enchiladasdelahuasteca.tecnocreser.com/momo/4fe13f546c0ac433e24d408e48244e1f?dispatch=VUk113VGoH2Xdpb16BtX2lrZFWnhgXaCqWo56mzRAe82Ua9HAO&email=": {
        "url_length": 150, 
        "no_of_out_of_place_features": 300, 
        "terms": [
            "Bitch", 
            "Boots", 
            "|", 
            "LOVE", 
            "FUCKING", 
            "HAHAHAHAHAHAHA"
        ], 
        "nameservers": null, 
        "tags_count": {
            "script": 0, 
            "object": 0, 
            "html": 1, 
            "href": 0, 
            "iframe": 0, 
            "embed": 0
        }, 
        "special_char_count": 1, 
        "reg_date": "16-feb-2012", 
        "no_of_redirects": 50, 
        "location": "Unitedstates", 
        "ip_check": 0
    }, 
    "http://ljubavnecarolije.com/language/en-GB/su/": {
        "url_length": 46, 
        "no_of_out_of_place_features": 0, 
        "terms": [
            "use", 
            "ljubavnecarolije.com", 
            "ErrorDocument", 
            "language", 
            "URL", 
            "request", 
            "/", 
            "server", 
            "404", 
            "80", 
            "/en", 
            "error", 
            "Apache", 
            "Found", 
            "Server", 
            "Port"
        ], 
        "nameservers": 2, 
        "tags_count": {
            "script": 0, 
            "object": 0, 
            "html": 1, 
            "href": 0, 
            "iframe": 0, 
            "embed": 0
        }, 
        "special_char_count": 1, 
        "reg_date": "21-aug-2008", 
        "no_of_redirects": null, 
        "location": "Unitedstates", 
        "ip_check": 0
    }, 
    "http://www.htth546e.5gbfree.com/inc/reversion/new/": {
        "url_length": 50, 
        "no_of_out_of_place_features": null, 
        "terms": null, 
        "nameservers": null, 
        "tags_count": null, 
        "special_char_count": 1, 
        "reg_date": "03-jan-2007", 
        "no_of_redirects": null, 
        "location": null, 
        "ip_check": 0
    }, 
    "http://adword.6te.net/": {
        "url_length": 22, 
        "no_of_out_of_place_features": 2586, 
        "terms": [
            "AdWord", 
            "Google"
        ], 
        "nameservers": null, 
        "tags_count": {
            "script": 2, 
            "object": 0, 
            "html": 1, 
            "href": 7, 
            "iframe": 0, 
            "embed": 0
        }, 
        "special_char_count": 1, 
        "reg_date": "27-jan-2005", 
        "no_of_redirects": 210, 
        "location": "Germany", 
        "ip_check": 0
    }, 
    "http://www.neumanntenants.com/main/Goldencat/auth/view/document/": {
        "url_length": 64, 
        "no_of_out_of_place_features": 2204, 
        "terms": [
            "JavaScript", 
            "iOS", 
            "Sign", 
            "download", 
            "need", 
            "Android", 
            "capable", 
            "browser", 
            "Download", 
            "utmx", 
            "Work", 
            "Drive", 
            "GoogleDrive", 
            "Google", 
            "_section", 
            "instruction", 
            "Click", 
            "software"
        ], 
        "nameservers": 2, 
        "tags_count": {
            "script": 12, 
            "object": 0, 
            "html": 1, 
            "href": 16, 
            "iframe": 0, 
            "embed": 0
        }, 
        "special_char_count": 1, 
        "reg_date": null, 
        "no_of_redirects": 46, 
        "location": "Unitedstates", 
        "ip_check": 0
    }, 
    "http://marketingdigitaleleitoral.net/wp-admin/js/js/dropbox": {
        "url_length": 59, 
        "no_of_out_of_place_features": 2009, 
        "terms": [
            "Dropbox", 
            "Sign"
        ], 
        "nameservers": 2, 
        "tags_count": {
            "script": 4, 
            "object": 0, 
            "html": 1, 
            "href": 1, 
            "iframe": 0, 
            "embed": 0
        }, 
        "special_char_count": 1, 
        "reg_date": null, 
        "no_of_redirects": 199, 
        "location": "Unitedstates", 
        "ip_check": 0
    }, 
    "http://www.danzavoces.com/wp-content/languages/dir/116568a3ed35e04abd41d604e0252794/": {
        "url_length": 84, 
        "no_of_out_of_place_features": 3940, 
        "terms": [
            "\u0435l", 
            "\u0420\u0430\u0443\u0440\u0430", 
            "\ufeff", 
            "W", 
            "T", 
            "\u043e", 
            "l"
        ], 
        "nameservers": 3, 
        "tags_count": {
            "script": 1, 
            "object": 0, 
            "html": 1, 
            "href": 2, 
            "iframe": 0, 
            "embed": 0
        }, 
        "special_char_count": 1, 
        "reg_date": null, 
        "no_of_redirects": 209, 
        "location": "Unitedstates", 
        "ip_check": 0
    }, 
    "http://www.hnyjdw.com/images/?app=com-d3&;ref=http:%2F%2Fus.battle.net%2Fd3%2Fen%2Findex": {
        "url_length": 88, 
        "no_of_out_of_place_features": 2252, 
        "terms": null, 
        "nameservers": 2, 
        "tags_count": {
            "script": 4, 
            "object": 0, 
            "html": 1, 
            "href": 1, 
            "iframe": 0, 
            "embed": 0
        }, 
        "special_char_count": 1, 
        "reg_date": "12-apr-2009", 
        "no_of_redirects": 0, 
        "location": "China", 
        "ip_check": 0
    }, 
    "http://astorageplaceofanderson.com/log": {
        "url_length": 38, 
        "no_of_out_of_place_features": 6869, 
        "terms": [
            "Login", 
            "site", 
            "service", 
            "EasyWeb"
        ], 
        "nameservers": 2, 
        "tags_count": {
            "script": 13, 
            "object": 0, 
            "html": 1, 
            "href": 57, 
            "iframe": 0, 
            "embed": 0
        }, 
        "special_char_count": 1, 
        "reg_date": null, 
        "no_of_redirects": 172, 
        "location": "Unitedstates", 
        "ip_check": 0
    }, 
    "http://investinguatemala.org/investors_guide/sites/trustpass.html": {
        "url_length": 65, 
        "no_of_out_of_place_features": 2934, 
        "terms": null, 
        "nameservers": null, 
        "tags_count": {
            "script": 5, 
            "object": 0, 
            "html": 1, 
            "href": 50, 
            "iframe": 0, 
            "embed": 0
        }, 
        "special_char_count": 1, 
        "reg_date": null, 
        "no_of_redirects": 10, 
        "location": "Unitedstates", 
        "ip_check": 0
    }, 
    "http://www.chicjewelry.us/wp-admin/index333.html": {
        "url_length": 48, 
        "no_of_out_of_place_features": 2435, 
        "terms": null, 
        "nameservers": null, 
        "tags_count": {
            "script": 13, 
            "object": 0, 
            "html": 1, 
            "href": 5, 
            "iframe": 0, 
            "embed": 0
        }, 
        "special_char_count": 1, 
        "reg_date": null, 
        "no_of_redirects": 9, 
        "location": "Unitedstates", 
        "ip_check": 0
    }, 
    "http://www.di-design.dk/wp-admin/www.usaa.com-inetpaes-security-account-secure-protect-logon-config/HJ_0ed29cc5ba0bef65fe703dfc2db35831/contact.php": {
        "url_length": 147, 
        "no_of_out_of_place_features": 492, 
        "terms": [
            "Terrorist", 
            "wahabi", 
            "bloodline", 
            "dont", 
            "illuminati", 
            "israel", 
            "london", 
            "Hacked", 
            "zino", 
            "empire", 
            "islam", 
            "usa", 
            "fb.com", 
            "/hocin", 
            "media", 
            "zionist", 
            "day", 
            "Muslim", 
            "cooporations", 
            "reason", 
            "british", 
            "europe", 
            "cooporation", 
            "Admeral", 
            "^_^", 
            "government", 
            "moscow", 
            "24", 
            "hours", 
            "munich", 
            "Im", 
            "flag", 
            "world", 
            "war", 
            "9", 
            "11", 
            "freemason", 
            "agency", 
            "hour", 
            "sect", 
            "france...please", 
            "ISLAM"
        ], 
        "nameservers": null, 
        "tags_count": {
            "script": 0, 
            "object": 0, 
            "html": 1, 
            "href": 0, 
            "iframe": 0, 
            "embed": 1
        }, 
        "special_char_count": 1, 
        "reg_date": null, 
        "no_of_redirects": null, 
        "location": "94.231.103.50", 
        "ip_check": 0
    }, 
    "http://revistamercado.do/wp-content/contact-form-7/languages/braste/b77450a525100860f2e6698d79939421/Confirm.php?cmd=_error_login-run&dispatch=5885d80a13c0db1fb6947b0aeae66fdbfb2119927117e3a6f876e0fd34af436580c63a156ebffe89e7779ac84ebf634880c63a156ebffe89e7779ac84ebf6348": {
        "url_length": 271, 
        "no_of_out_of_place_features": 3526, 
        "terms": [
            "lance", 
            "document.fo.login", 
            "\\'avez", 
            "=true", 
            "||", 
            "champ", 
            ".');", 
            "tes", 
            "=false", 
            "<8)", 
            "//", 
            "si", 
            "gale", 
            "rempli", 
            "return", 
            "n", 
            "('Votre", 
            "\ufeff", 
            "\u00e9", 
            "ceci", 
            "\u00e0", 
            "8", 
            "caract", 
            "\u00e8res", 
            "attribue", 
            "ou", 
            "==", 
            "function", 
            "longueurtexte", 
            "()", 
            "var", 
            "_password", 
            "commodit", 
            "te", 
            "saisie", 
            "window.alert", 
            "('Vous", 
            "saisie.length", 
            "\u00e8re", 
            "('Vou", 
            "cette", 
            "espace"
        ], 
        "nameservers": null, 
        "tags_count": {
            "script": 9, 
            "object": 0, 
            "html": 1, 
            "href": 19, 
            "iframe": 0, 
            "embed": 0
        }, 
        "special_char_count": 1, 
        "reg_date": null, 
        "no_of_redirects": 38, 
        "location": "Dominicanrepublic", 
        "ip_check": 0
    }, 
    "https://tinyurl.com/opmql2h": {
        "url_length": 27, 
        "no_of_out_of_place_features": 631, 
        "terms": [
            "TinyURL.com"
        ], 
        "nameservers": null, 
        "tags_count": {
            "script": 6, 
            "object": 0, 
            "html": 1, 
            "href": 1, 
            "iframe": 0, 
            "embed": 0
        }, 
        "special_char_count": 1, 
        "reg_date": "27-jan-2002", 
        "no_of_redirects": 34, 
        "location": "Netherlands", 
        "ip_check": 0
    }, 
    "http://www.raiffeisen-kartenupdates.com/RF/elba_.php": {
        "url_length": 52, 
        "no_of_out_of_place_features": null, 
        "terms": [
            "ELBA", 
            "internet", 
            "Raiffeisen"
        ], 
        "nameservers": null, 
        "tags_count": {
            "script": 10, 
            "object": 0, 
            "html": 1, 
            "href": 27, 
            "iframe": 0, 
            "embed": 0
        }, 
        "special_char_count": 1, 
        "reg_date": null, 
        "no_of_redirects": 41, 
        "location": "185.76.145.121", 
        "ip_check": 0
    }, 
    "http://www.appleeducation-france.net/applekey/c1e005e605fdec19fa2680643a8168e2/france.apples/stores.france/storefrance.html": {
        "url_length": 123, 
        "no_of_out_of_place_features": 0, 
        "terms": [
            "URL", 
            "/c", 
            "/", 
            "server", 
            "applekey", 
            "Found"
        ], 
        "nameservers": 4, 
        "tags_count": {
            "script": 0, 
            "object": 0, 
            "html": 1, 
            "href": 0, 
            "iframe": 0, 
            "embed": 0
        }, 
        "special_char_count": 1, 
        "reg_date": null, 
        "no_of_redirects": null, 
        "location": "62.149.128.163", 
        "ip_check": 0
    }, 
    "http://creatingmagicandmiracles.com/?p=27/.10.4/.4": {
        "url_length": 50, 
        "no_of_out_of_place_features": 863, 
        "terms": [
            "Magic", 
            "caterpillar", 
            "\u2026", 
            "|", 
            "Miracle"
        ], 
        "nameservers": null, 
        "tags_count": {
            "script": 9, 
            "object": 0, 
            "html": 1, 
            "href": 29, 
            "iframe": 0, 
            "embed": 0
        }, 
        "special_char_count": 1, 
        "reg_date": null, 
        "no_of_redirects": 12, 
        "location": "Unitedstates", 
        "ip_check": 0
    }, 
    "http://www.talented92-writer.xyz/": {
        "url_length": 33, 
        "no_of_out_of_place_features": 431, 
        "terms": [], 
        "nameservers": null, 
        "tags_count": {
            "script": 3, 
            "object": 0, 
            "html": 1, 
            "href": 1, 
            "iframe": 0, 
            "embed": 0
        }, 
        "special_char_count": 1, 
        "reg_date": null, 
        "no_of_redirects": 37, 
        "location": null, 
        "ip_check": 0
    }, 
    "http://www.ferraricollection.eu/userfiles/eb4c4e538a34ba03d6f0eb4c4e538a34ba03d6f0937c22e620ffc7f75767937c22e620ffc7f75767/AccountProfile.htm": {
        "url_length": 141, 
        "no_of_out_of_place_features": 5392, 
        "terms": [
            "\u03a1al", 
            "\u03a1", 
            "\ufeff", 
            "ay", 
            "Login"
        ], 
        "nameservers": null, 
        "tags_count": {
            "script": 1, 
            "object": 0, 
            "html": 1, 
            "href": 5, 
            "iframe": 0, 
            "embed": 0
        }, 
        "special_char_count": 1, 
        "reg_date": null, 
        "no_of_redirects": 49, 
        "location": "Belgium", 
        "ip_check": 0
    }, 
    "http://baltimores.ucoz.net/03298874288.htm": {
        "url_length": 42, 
        "no_of_out_of_place_features": 814, 
        "terms": null, 
        "nameservers": null, 
        "tags_count": {
            "script": 4, 
            "object": 0, 
            "html": 1, 
            "href": 10, 
            "iframe": 1, 
            "embed": 0
        }, 
        "special_char_count": 1, 
        "reg_date": "27-aug-2005", 
        "no_of_redirects": 12, 
        "location": "Unitedkingdom", 
        "ip_check": 0
    }, 
    "http://joseiurato.com.ar/4/hot/": {
        "url_length": 31, 
        "no_of_out_of_place_features": 7123, 
        "terms": [
            "Generic", 
            "nowDon", 
            "single", 
            "use", 
            "sign", 
            "\u00a0\u00a0Feedback", 
            "?Keep", 
            "\u00a92015", 
            "Microsoft", 
            "\u00a0\u00a0Terms", 
            "CookiesHelp", 
            "access", 
            "Password", 
            "codeDon", 
            "\u00a0\u00a0Term", 
            "?Sign", 
            "Center", 
            "account", 
            "inCan", 
            "Error", 
            "MessageMicrosoft"
        ], 
        "nameservers": null, 
        "tags_count": {
            "script": 7, 
            "object": 0, 
            "html": 1, 
            "href": 9, 
            "iframe": 2, 
            "embed": 0
        }, 
        "special_char_count": 1, 
        "reg_date": null, 
        "no_of_redirects": 13, 
        "location": "Unitedstates", 
        "ip_check": 0
    }, 
    "http://upgradepaypalservice2sgvf663f7igg7gis6r86rsiugsfi7ugou.cortinassaron.com.br/": {
        "url_length": 83, 
        "no_of_out_of_place_features": 323, 
        "terms": [
            "xhr.onreadystatechange", 
            "code", 
            "xmlhttp.send", 
            "(t", 
            "var", 
            "etat", 
            "=false", 
            "xhr.ontimeout", 
            "xmlhttp.onreadystatechange", 
            "(a", 
            "http", 
            "://ip", 
            "2500;", 
            "=new", 
            "xmlhttp", 
            "==", 
            "(type", 
            "GoAJAX", 
            "('b", 
            "()", 
            "://www", 
            "=\"./", 
            "=function", 
            "IE", 
            "6,", 
            "5", 
            "ActiveXObject", 
            "(\"Microsoft", 
            "{//", 
            "xhr", 
            "1", 
            "callback", 
            "_function", 
            "1.readyState", 
            "function", 
            "xmlhttp.statu", 
            "XMLHttpRequest", 
            "();", 
            "xhr.open", 
            "(\"GET", 
            "4)", 
            "Safari", 
            "7+,", 
            "Firefox", 
            "xhr.timeout", 
            "&&", 
            "window.location.href", 
            "=\"./?cmd", 
            "1.open", 
            "xhr.readyState", 
            "xmlhttp.open", 
            ");", 
            "(\"POST", 
            "xmlhttp.setRequestHeader", 
            "(\"Content", 
            "xmlhttp.responseText", 
            "xmlhttp.readyState", 
            "==4", 
            "xmlhttp.status", 
            "==200)", 
            "Opera", 
            "1.onreadystatechange", 
            "1.ontimeout", 
            "Chrome", 
            "1.timeout", 
            "1.send", 
            "/Paye", 
            "window.XMLHttpRequest", 
            "lang", 
            "url", 
            "xhr.send"
        ], 
        "nameservers": null, 
        "tags_count": {
            "script": 1, 
            "object": 0, 
            "html": 1, 
            "href": 0, 
            "iframe": 0, 
            "embed": 0
        }, 
        "special_char_count": 1, 
        "reg_date": null, 
        "no_of_redirects": 4, 
        "location": "Brazil", 
        "ip_check": 0
    }, 
    "http://www.zsyqzx.cn/js?http://us.battle.net/login/en/?ref=http://us.battle.net/d3/en/index&;app=com-d3": {
        "url_length": 103, 
        "no_of_out_of_place_features": 2252, 
        "terms": null, 
        "nameservers": 2, 
        "tags_count": {
            "script": 4, 
            "object": 0, 
            "html": 1, 
            "href": 1, 
            "iframe": 0, 
            "embed": 0
        }, 
        "special_char_count": 1, 
        "reg_date": null, 
        "no_of_redirects": 200, 
        "location": null, 
        "ip_check": 0
    }, 
    "http://www.aldmangiami.it/fonts/icomoon/paymnet/validation/customer/secure/center/Amazon.com/error.php": {
        "url_length": 102, 
        "no_of_out_of_place_features": 124, 
        "terms": [
            "IIS", 
            "8.5", 
            "404.0", 
            "Error", 
            "Found"
        ], 
        "nameservers": null, 
        "tags_count": {
            "script": 0, 
            "object": 0, 
            "html": 1, 
            "href": 2, 
            "iframe": 0, 
            "embed": 0
        }, 
        "special_char_count": 1, 
        "reg_date": null, 
        "no_of_redirects": null, 
        "location": "Italy", 
        "ip_check": 0
    }, 
    "http://bistregemehe.com/": {
        "url_length": 24, 
        "no_of_out_of_place_features": 6395, 
        "terms": null, 
        "nameservers": null, 
        "tags_count": {
            "script": 15, 
            "object": 0, 
            "html": 1, 
            "href": 24, 
            "iframe": 0, 
            "embed": 0
        }, 
        "special_char_count": 1, 
        "reg_date": null, 
        "no_of_redirects": 31, 
        "location": "Unitedkingdom", 
        "ip_check": 0
    }, 
    "http://revistamercado.com.do/wp-content/contact-form-7/languages/braste/e5b944d28b72a8277445c32d5f599bff/Confirm.php?cmd=_error_login-run&dispatch=5885d80a13c0db1fb6947b0aeae66fdbfb2119927117e3a6f876e0fd34af436580c63a156ebffe89e7779ac84ebf634880c63a156ebffe89e7779ac84ebf6348": {
        "url_length": 275, 
        "no_of_out_of_place_features": 3526, 
        "terms": [
            "lance", 
            "document.fo.login", 
            "\\'avez", 
            "=true", 
            "||", 
            "champ", 
            ".');", 
            "tes", 
            "=false", 
            "<8)", 
            "//", 
            "si", 
            "gale", 
            "rempli", 
            "return", 
            "n", 
            "('Votre", 
            "\ufeff", 
            "\u00e9", 
            "ceci", 
            "\u00e0", 
            "8", 
            "caract", 
            "\u00e8res", 
            "attribue", 
            "ou", 
            "==", 
            "function", 
            "longueurtexte", 
            "()", 
            "var", 
            "_password", 
            "commodit", 
            "te", 
            "saisie", 
            "window.alert", 
            "('Vous", 
            "saisie.length", 
            "\u00e8re", 
            "('Vou", 
            "cette", 
            "espace"
        ], 
        "nameservers": null, 
        "tags_count": {
            "script": 9, 
            "object": 0, 
            "html": 1, 
            "href": 19, 
            "iframe": 0, 
            "embed": 0
        }, 
        "special_char_count": 1, 
        "reg_date": null, 
        "no_of_redirects": 49, 
        "location": "Dominicanrepublic", 
        "ip_check": 0
    }, 
    "http://www.pxypal.link/us/webapps/mpp/home": {
        "url_length": 42, 
        "no_of_out_of_place_features": 172, 
        "terms": [
            "FoundThe", 
            "page", 
            "404"
        ], 
        "nameservers": 4, 
        "tags_count": {
            "script": 0, 
            "object": 0, 
            "html": 1, 
            "href": 0, 
            "iframe": 0, 
            "embed": 0
        }, 
        "special_char_count": 1, 
        "reg_date": null, 
        "no_of_redirects": null, 
        "location": "Germany", 
        "ip_check": 0
    }, 
    "http://nicassociati.it/pdf/jungle/12bad3faffc09c38eaed178d8e7eec2b/": {
        "url_length": 67, 
        "no_of_out_of_place_features": 4072, 
        "terms": null, 
        "nameservers": null, 
        "tags_count": {
            "script": 8, 
            "object": 0, 
            "html": 1, 
            "href": 45, 
            "iframe": 0, 
            "embed": 0
        }, 
        "special_char_count": 1, 
        "reg_date": null, 
        "no_of_redirects": 1, 
        "location": "Italy", 
        "ip_check": 0
    }, 
    "http://www.jovempanpatos.com.br/chaseonline/": {
        "url_length": 44, 
        "no_of_out_of_place_features": 4428, 
        "terms": [
            "top.location.href", 
            "window", 
            "!=", 
            "=location", 
            "\ufeff"
        ], 
        "nameservers": null, 
        "tags_count": {
            "script": 21, 
            "object": 0, 
            "html": 1, 
            "href": 13, 
            "iframe": 0, 
            "embed": 0
        }, 
        "special_char_count": 1, 
        "reg_date": null, 
        "no_of_redirects": 0, 
        "location": "Unitedstates", 
        "ip_check": 0
    }, 
    "http://www.s-lux.ru/assets/rev.htm": {
        "url_length": 34, 
        "no_of_out_of_place_features": 23433, 
        "terms": null, 
        "nameservers": 3, 
        "tags_count": {
            "script": 15, 
            "object": 0, 
            "html": 1, 
            "href": 140, 
            "iframe": 0, 
            "embed": 0
        }, 
        "special_char_count": 1, 
        "reg_date": null, 
        "no_of_redirects": 15, 
        "location": "193.232.240.10", 
        "ip_check": 0
    }, 
    "http://kunstner-kaelderen.dk/wp-content/themes/twentyten/images/xx/1094/": {
        "url_length": 72, 
        "no_of_out_of_place_features": 4704, 
        "terms": [
            "\ufeff"
        ], 
        "nameservers": 3, 
        "tags_count": {
            "script": 3, 
            "object": 0, 
            "html": 1, 
            "href": 0, 
            "iframe": 0, 
            "embed": 0
        }, 
        "special_char_count": 1, 
        "reg_date": null, 
        "no_of_redirects": 122, 
        "location": "212.97.132.110", 
        "ip_check": 0
    }, 
    "http://www.fundacionhace.org/galleria/plugins/flickr/usa/be0a9a9d5e0fcbdf466e7a67f91feb34/": {
        "url_length": 90, 
        "no_of_out_of_place_features": 3415, 
        "terms": [
            "searchSection", 
            "';", 
            "var", 
            "searchCountry", 
            "UK"
        ], 
        "nameservers": null, 
        "tags_count": {
            "script": 4, 
            "object": 0, 
            "html": 1, 
            "href": 17, 
            "iframe": 0, 
            "embed": 0
        }, 
        "special_char_count": 1, 
        "reg_date": null, 
        "no_of_redirects": 0, 
        "location": "Unitedstates", 
        "ip_check": 0
    }, 
    "http://impots.gov.fr.gopaper.sg/file/dossier_n299E000w1/redirection.php": {
        "url_length": 71, 
        "no_of_out_of_place_features": 5413, 
        "terms": null, 
        "nameservers": null, 
        "tags_count": {
            "script": 3, 
            "object": 0, 
            "html": 1, 
            "href": 51, 
            "iframe": 1, 
            "embed": 0
        }, 
        "special_char_count": 1, 
        "reg_date": null, 
        "no_of_redirects": 83, 
        "location": "Singapore", 
        "ip_check": 0
    }, 
    "http://adf.ly/1RCPKb": {
        "url_length": 20, 
        "no_of_out_of_place_features": 1084, 
        "terms": [], 
        "nameservers": null, 
        "tags_count": {
            "script": 0, 
            "object": 0, 
            "html": 1, 
            "href": 0, 
            "iframe": 1, 
            "embed": 0
        }, 
        "special_char_count": 1, 
        "reg_date": null, 
        "no_of_redirects": 27, 
        "location": "Unitedstates", 
        "ip_check": 0
    }, 
    "http://www.paypal.webapps-intl.com/3ef23f52d2/": {
        "url_length": 46, 
        "no_of_out_of_place_features": null, 
        "terms": null, 
        "nameservers": null, 
        "tags_count": null, 
        "special_char_count": 1, 
        "reg_date": null, 
        "no_of_redirects": null, 
        "location": null, 
        "ip_check": 0
    }, 
    "http://ssaua.org/tmp/webapps/a3f71ec0fef9527730a34917ca5c6670": {
        "url_length": 61, 
        "no_of_out_of_place_features": 699, 
        "terms": [
            "(str", 
            "return", 
            "filter.test", 
            "testresult", 
            "document.validation", 
            ".1.value", 
            "var", 
            "filter", 
            "input", 
            "checkemail", 
            "email", 
            "function", 
            "testresults", 
            "(){", 
            "str", 
            "", 
            "]+(?:\\.[\\w", 
            "address", 
            "!\")", 
            "(\"Please", 
            "/^([\\"
        ], 
        "nameservers": null, 
        "tags_count": {
            "script": 2, 
            "object": 0, 
            "html": 1, 
            "href": 0, 
            "iframe": 0, 
            "embed": 0
        }, 
        "special_char_count": 1, 
        "reg_date": null, 
        "no_of_redirects": 56, 
        "location": "Unitedstates", 
        "ip_check": 0
    }, 
    "http://revistamercado.do/wp-content/contact-form-7/languages/braste/69062d8c8ea77c65beeb07e7db97f0f5/Confirm.php?cmd=_error_login-run&dispatch=5885d80a13c0db1fb6947b0aeae66fdbfb2119927117e3a6f876e0fd34af436580c63a156ebffe89e7779ac84ebf634880c63a156ebffe89e7779ac84ebf6348": {
        "url_length": 271, 
        "no_of_out_of_place_features": 3526, 
        "terms": [
            "lance", 
            "document.fo.login", 
            "\\'avez", 
            "=true", 
            "||", 
            "champ", 
            ".');", 
            "tes", 
            "=false", 
            "<8)", 
            "//", 
            "si", 
            "gale", 
            "rempli", 
            "return", 
            "n", 
            "('Votre", 
            "\ufeff", 
            "\u00e9", 
            "ceci", 
            "\u00e0", 
            "8", 
            "caract", 
            "\u00e8res", 
            "attribue", 
            "ou", 
            "==", 
            "function", 
            "longueurtexte", 
            "()", 
            "var", 
            "_password", 
            "commodit", 
            "te", 
            "saisie", 
            "window.alert", 
            "('Vous", 
            "saisie.length", 
            "\u00e8re", 
            "('Vou", 
            "cette", 
            "espace"
        ], 
        "nameservers": null, 
        "tags_count": {
            "script": 9, 
            "object": 0, 
            "html": 1, 
            "href": 19, 
            "iframe": 0, 
            "embed": 0
        }, 
        "special_char_count": 1, 
        "reg_date": null, 
        "no_of_redirects": 47, 
        "location": "Dominicanrepublic", 
        "ip_check": 0
    }, 
    "http://chippingnortonwomensbootcamp.com.au/temp/room/Upgraded/boxMrenewal.php?Email=": {
        "url_length": 84, 
        "no_of_out_of_place_features": 539, 
        "terms": null, 
        "nameservers": 4, 
        "tags_count": {
            "script": 1, 
            "object": 0, 
            "html": 1, 
            "href": 0, 
            "iframe": 0, 
            "embed": 0
        }, 
        "special_char_count": 1, 
        "reg_date": null, 
        "no_of_redirects": 70, 
        "location": "Australia", 
        "ip_check": 0
    }, 
    "http://nicassociati.it/pdf/jungle/": {
        "url_length": 34, 
        "no_of_out_of_place_features": 4072, 
        "terms": null, 
        "nameservers": null, 
        "tags_count": {
            "script": 8, 
            "object": 0, 
            "html": 1, 
            "href": 45, 
            "iframe": 0, 
            "embed": 0
        }, 
        "special_char_count": 1, 
        "reg_date": null, 
        "no_of_redirects": 3, 
        "location": "Italy", 
        "ip_check": 0
    }, 
    "http://www.talented92-writer.xyz/all/index_ie.html?": {
        "url_length": 51, 
        "no_of_out_of_place_features": 431, 
        "terms": [], 
        "nameservers": null, 
        "tags_count": {
            "script": 3, 
            "object": 0, 
            "html": 1, 
            "href": 1, 
            "iframe": 0, 
            "embed": 0
        }, 
        "special_char_count": 1, 
        "reg_date": null, 
        "no_of_redirects": 36, 
        "location": null, 
        "ip_check": 0
    }
}